PWM (µs),Force (N),Stonefish (Floats)
1100,-144.157755,-1.00
1104,-143.6085826,-1.00
1108,-143.0594102,-1.00
1112,-142.5102378,-0.99
1116,-141.9610654,-0.99
1120,-141.411893,-0.99
1124,-140.8627206,-0.99
1128,-140.3135482,-0.99
1132,-139.7643758,-0.98
1136,-139.2152034,-0.98
1140,-138.666031,-0.98
1144,-138.1168586,-0.98
1148,-137.5676862,-0.98
1152,-136.6654744,-0.97
1156,-135.4102232,-0.97
1160,-134.154972,-0.96
1164,-132.8997208,-0.96
1168,-131.6444696,-0.96
1172,-130.3892184,-0.95
1176,-129.1339672,-0.95
1180,-127.878716,-0.94
1184,-126.6234648,-0.94
1188,-125.3682136,-0.93
1192,-124.1129624,-0.93
1196,-122.8577112,-0.92
1200,-121.60246,-0.92
1204,-120.0726226,-0.91
1208,-118.5427852,-0.91
1212,-117.0129478,-0.90
1216,-115.4831104,-0.90
1220,-113.953273,-0.89
1224,-112.4234356,-0.88
1228,-110.8935982,-0.88
1232,-109.3637608,-0.87
1236,-107.8339234,-0.86
1240,-106.304086,-0.86
1244,-104.7742486,-0.85
1248,-103.2444112,-0.85
1252,-101.6557339,-0.84
1256,-100.0082167,-0.83
1260,-98.3606995,-0.83
1264,-96.7131823,-0.82
1268,-95.0656651,-0.81
1272,-93.4181479,-0.81
1276,-91.7706307,-0.80
1280,-90.1231135,-0.79
1284,-88.4755963,-0.78
1288,-86.8280791,-0.78
1292,-85.1805619,-0.77
1296,-83.5330447,-0.76
1300,-81.8855275,-0.75
1304,-80.1595571,-0.75
1308,-78.4335867,-0.74
1312,-76.7076163,-0.73
1316,-74.9816459,-0.72
1320,-73.2556755,-0.71
1324,-71.5297051,-0.70
1328,-69.8037347,-0.70
1332,-68.0777643,-0.69
1336,-66.3517939,-0.68
1340,-64.6258235,-0.67
1344,-62.8998531,-0.66
1348,-61.1738827,-0.65
1352,-59.4675256,-0.64
1356,-57.7807818,-0.63
1360,-56.094038,-0.62
1364,-54.4072942,-0.61
1368,-52.7205504,-0.60
1372,-51.0338066,-0.59
1376,-49.3470628,-0.59
1380,-47.660319,-0.57
1384,-45.9735752,-0.56
1388,-44.2868314,-0.55
1392,-42.6000876,-0.54
1396,-40.9133438,-0.53
1400,-39.2266,-0.52
1404,-37.5398562,-0.51
1408,-35.8531124,-0.50
1412,-34.1663686,-0.49
1416,-32.4796248,-0.47
1420,-30.792881,-0.46
1424,-29.1061372,-0.45
1428,-27.4193934,-0.44
1432,-25.7326496,-0.42
1436,-24.0459058,-0.41
1440,-22.359162,-0.39
1444,-20.6724182,-0.38
1448,-18.9856744,-0.36
1452,-17.1874445,-0.35
1456,-15.2777284,-0.33
1460,-13.3680124,-0.30
1464,-11.4582963,-0.28
1468,-9.5485803,-0.26
1472,-7.6388642,-0.23
1476,-5.7291482,-0.20
1480,-3.8194321,-0.16
1484,-1.9097161,-0.12
1488,-1.0,-0.08
1492,-0.5,-0.04
1496,-0.5,-0.02
1498,-0.2,0.00
1500, 0.0,0.00
1502, 0.2,0.00
1504,0.5,0.02
1508,0.5,0.04
1512,1.0,0.08
1516,2.2193997,0.10
1520,4.4387995,0.15
1524,6.6581992,0.18
1528,8.8775989,0.21
1532,11.0969987,0.23
1536,13.3163984,0.26
1540,15.5357982,0.28
1544,17.7551979,0.30
1548,19.9745976,0.31
1552,22.3003221,0.33
1556,24.7323713,0.35
1560,27.1644205,0.36
1564,29.5964697,0.38
1568,32.0285189,0.40
1572,34.4605681,0.41
1576,36.8926173,0.43
1580,39.3246665,0.44
1584,41.7567157,0.45
1588,44.1887649,0.47
1592,46.6208141,0.48
1596,49.0528633,0.49
1600,51.4849125,0.50
1604,53.6423755,0.51
1608,55.7998385,0.52
1612,57.9573015,0.53
1616,60.1147645,0.54
1620,62.2722275,0.55
1624,64.4296905,0.56
1628,66.5871535,0.57
1632,68.7446165,0.58
1636,70.9020795,0.59
1640,73.0595425,0.60
1644,75.2170055,0.61
1648,77.3744685,0.62
1652,79.7280645,0.63
1656,82.2777935,0.64
1660,84.8275225,0.64
1664,87.3772515,0.65
1668,89.9269805,0.66
1672,92.4767095,0.67
1676,95.0264385,0.68
1680,97.5761675,0.69
1684,100.1258965,0.70
1688,102.6756255,0.71
1692,105.2253545,0.72
1696,107.7750835,0.73
1700,110.3248125,0.74
1704,112.5607287,0.74
1708,114.7966449,0.75
1712,117.0325611,0.76
1716,119.2684773,0.76
1720,121.5043935,0.77
1724,123.7403097,0.78
1728,125.9762259,0.79
1732,128.2121421,0.79
1736,130.4480583,0.80
1740,132.6839745,0.81
1744,134.9198907,0.81
1748,137.1558069,0.82
1752,139.2936566,0.83
1756,141.3334398,0.83
1760,143.373223,0.84
1764,145.4130062,0.84
1768,147.4527894,0.85
1772,149.4925726,0.86
1776,151.5323558,0.86
1780,153.572139,0.87
1784,155.6119222,0.87
1788,157.6517054,0.88
1792,159.6914886,0.88
1796,161.7312718,0.89
1800,163.771055,0.90
1804,165.3087377,0.90
1808,166.8464204,0.90
1812,168.3841032,0.91
1816,169.9217859,0.91
1820,171.4594686,0.92
1824,172.9971513,0.92
1828,174.534834,0.93
1832,176.0725168,0.93
1836,177.6101995,0.93
1840,179.1478822,0.94
1844,180.6855649,0.94
1848,182.2232476,0.95
1852,183.8315382,0.95
1856,185.5104367,0.95
1860,187.1893352,0.96
1864,188.8682337,0.96
1868,190.5471322,0.97
1872,192.2260306,0.97
1876,193.9049291,0.97
1880,195.5838276,0.98
1884,197.2627261,0.98
1888,198.9416246,0.99
1892,200.620523,0.99
1896,202.2994215,1.00
1900,203.97832,1.00